workload,baseline_core_commit,baseline_plugin_commit,baseline_status,existing_source_path,exact_spec_hash,required_independent_invocations
agent-research-online,bcf2be96120005e9aea171927f85055a6a5c0cf6,e18643f8a4d5bd9990727654318ad069ea0b56e2,aggregate snapshot only; not strict repeat evidence,archive/legacy/incomplete-evidence/2026-08-07/official-ascend-jan-2026-v0.18.0-agent-research-online-qwen25-14b-910b2/run_leaderboard.json,db8958d560784d2c7279dfcda2743a62004be768d0cfe714cb8053d585649a6a,3
instructcoder-online,bcf2be96120005e9aea171927f85055a6a5c0cf6,e18643f8a4d5bd9990727654318ad069ea0b56e2,aggregate snapshot only; not strict repeat evidence,archive/legacy/incomplete-evidence/2026-08-07/official-ascend-jan-2026-v0.18.0-instructcoder-online-qwen25-coder-14b-910b2/run_leaderboard.json,b5c81a877e4ffbe194371173fc1d6356fb79345fd6149295939f5288263d9a88,3
prefix-repetition-online,bcf2be96120005e9aea171927f85055a6a5c0cf6,e18643f8a4d5bd9990727654318ad069ea0b56e2,no admitted exact-spec baseline result,,,3
random-latency,bcf2be96120005e9aea171927f85055a6a5c0cf6,e18643f8a4d5bd9990727654318ad069ea0b56e2,strict 3-repeat baseline available,reports/historical-recovery-evidence/reruns/bcf2be9612-e18643f8a4-random-latency/repeat_suite.json,3e81e3e00639f882933d45f5420a8e0813225bc6d7370a6f318cb207417c8f6a,0
random-online,bcf2be96120005e9aea171927f85055a6a5c0cf6,e18643f8a4d5bd9990727654318ad069ea0b56e2,aggregate snapshot only; not strict repeat evidence,archive/legacy/incomplete-evidence/2026-08-07/official-ascend-jan-2026-v0.18.0-random-online-qwen25-14b-910b2/run_leaderboard.json,ff631649a6e07dc00dd832dc9b3f8a7e263df6b39261ee412b787e51ec08ccb6,3
sharegpt-online,bcf2be96120005e9aea171927f85055a6a5c0cf6,e18643f8a4d5bd9990727654318ad069ea0b56e2,aggregate snapshot only; not strict repeat evidence,archive/legacy/incomplete-evidence/2026-08-07/official-ascend-jan-2026-v0.18.0-sharegpt-online-qwen25-14b-910b2/run_leaderboard.json,342ca90ac1a892ab82c08370c18094c378975a43289327c41389d579fffea852,3
sharegpt-throughput,bcf2be96120005e9aea171927f85055a6a5c0cf6,e18643f8a4d5bd9990727654318ad069ea0b56e2,aggregate snapshot only; not strict repeat evidence,archive/legacy/incomplete-evidence/2026-08-07/official-ascend-jan-2026-v0.18.0-sharegpt-throughput-qwen25-14b-910b2/run_leaderboard.json,9017c2f34f0fe54cdd8609f3c323100d096a333f99b03c7a0ce4a40627764a30,3
sonnet-throughput,bcf2be96120005e9aea171927f85055a6a5c0cf6,e18643f8a4d5bd9990727654318ad069ea0b56e2,aggregate snapshot only; not strict repeat evidence,archive/legacy/incomplete-evidence/2026-08-07/official-ascend-jan-2026-v0.18.0-sonnet-throughput-qwen25-14b-910b2/run_leaderboard.json,7c21f9015ee5e6b71fc759bd24a8c5a2457e28c4c018ba8a95021beb4a06c088,3
visionarena-online,bcf2be96120005e9aea171927f85055a6a5c0cf6,e18643f8a4d5bd9990727654318ad069ea0b56e2,no admitted exact-spec baseline result,,,3
