workload,status,primary_metric,unit,direction,input_identity_status,reference_summary_values,reference_n,reference_median,reference_q1,reference_q3,reference_iqr,reference_evidence_grade,candidate_raw_values,candidate_n,candidate_median,candidate_q1,candidate_q3,candidate_iqr,candidate_evidence_grade,delta_percent,stability_notice,blockers,comparison_blockers
agent-research-online,ready,ttft_ms,ms,lower_is_better,candidate-verified-reference-raw-unavailable,"[2867.210210853955,3187.2485411004163,3111.066892481176]",3,3111.066892481176,2989.1385516675655,3149.1577167907963,160.01916512323078,B,"[24360.36418908043,173.78106713294983,165.0052485638298]",3,173.78106713294983,169.39315784838982,12267.072628106689,12097.6794702583,B,,High IQR requires cautious stability interpretation: candidate,,input identity is not verified | reference raw evidence is not verified | candidate full raw archive is not verified
instructcoder-online,ready,ttft_ms,ms,lower_is_better,candidate-verified-reference-raw-unavailable,"[114.60617898956116,115.27481575240017,113.25630023634403]",3,114.60617898956116,113.9312396129526,114.94049737098067,1.0092577580280704,B,"[164.17096158511413,157.50590062907577,156.94450654063985]",3,157.50590062907577,157.2252035848578,160.83843110709495,3.613227522237139,B,,,,input identity is not verified | reference raw evidence is not verified | candidate full raw archive is not verified
prefix-repetition-online,ready,ttft_ms,ms,lower_is_better,candidate-verified-reference-raw-unavailable,"[427.2499468596652,384.06993267824873,393.3142483397387,360.70254458347335,427.7773219323717,390.8665301837027]",6,392.0903892617207,385.7690820546122,418.7660222296836,32.99694017507136,B,"[548.0777548160404,674.8692390695214,605.1870459597558]",3,605.1870459597558,576.6324003878981,640.0281425146386,63.395742126740515,B,,High IQR requires cautious stability interpretation: candidate,,input identity is not verified | reference raw evidence is not verified | candidate full raw archive is not verified
random-latency,ready,batch_latency_ms,ms,lower_is_better,candidate-verified-reference-raw-unavailable,"[4904.096141954264,4913.77806176121,4919.793262224023]",3,4913.77806176121,4908.937101857737,4916.785661992617,7.848560134880245,B,"[6999.5156718418,7188.682898692787,7263.87989812841]",3,7188.682898692787,7094.099285267293,7226.281398410598,132.18211314330438,B,,,,input identity is not verified | reference raw evidence is not verified | candidate full raw archive is not verified
random-online,ready,ttft_ms,ms,lower_is_better,candidate-verified-reference-raw-unavailable,"[229.68502367148176,228.47401247592643,229.82966804178432]",3,229.68502367148176,229.0795180737041,229.75734585663304,0.6778277829289436,B,"[254.44302909076217,249.28222787566483,254.21716653741893]",3,254.21716653741893,251.7496972065419,254.33009781409055,2.580400607548654,B,,,,input identity is not verified | reference raw evidence is not verified | candidate full raw archive is not verified
sharegpt-online,ready,ttft_ms,ms,lower_is_better,candidate-verified-reference-raw-unavailable,"[127.97524687135592,125.917899615597,134.26785849500448]",3,127.97524687135592,126.94657324347645,131.1215526831802,4.174979439703748,B,"[152.5572005752474,151.57285124063492,152.4462412018329]",3,152.4462412018329,152.0095462212339,152.50172088854015,0.4921746673062444,B,,,,input identity is not verified | reference raw evidence is not verified | candidate full raw archive is not verified
sharegpt-throughput,ready,throughput_tps,TPS,higher_is_better,candidate-verified-reference-raw-unavailable,"[2066.3135875574776,2038.954139338247,2048.152959232967]",3,2048.152959232967,2043.553549285607,2057.2332733952226,13.679724109615563,B,"[1686.8777040113725,1691.5031160439933,1638.6673519911747]",3,1686.8777040113725,1662.7725280012737,1689.190410027683,26.41788202640919,B,,,,input identity is not verified | reference raw evidence is not verified | candidate full raw archive is not verified
sonnet-throughput,ready,throughput_tps,TPS,higher_is_better,candidate-verified-reference-raw-unavailable,"[3626.749496459258,3591.1540650893967,3614.039871632891]",3,3614.039871632891,3602.596968361144,3620.3946840460744,17.79771568493061,B,"[2837.543001706054,2820.67128834616,2844.7429600836103]",3,2837.543001706054,2829.107145026107,2841.1429808948324,12.035835868725371,B,,,,input identity is not verified | reference raw evidence is not verified | candidate full raw archive is not verified
visionarena-online,ready,ttft_ms,ms,lower_is_better,candidate-verified-reference-raw-unavailable,"[440.5764604774304,448.3808410721831,456.2576252957806,435.32211213745177,419.9846773506142,419.30543774273247]",6,437.94928630744107,423.8190360473236,446.4297459234949,22.610709876171313,B,"[647.0599274486303,407.89059953019023,403.81025174446404]",3,407.89059953019023,405.85042563732713,527.4752634894103,121.62483785208315,B,,High IQR requires cautious stability interpretation: candidate,,input identity is not verified | reference raw evidence is not verified | candidate full raw archive is not verified
